{"Ala": 0.3975938884126084, "Arg": 0.2171886158848824, "Asn": 0.5184461245612413, "Asp": 0.5294544839467041, "Cys": 0.5344579250795931, "Gln": 0.7297965150636311, "Glu": 0.5683710930716608, "Gly": 0.3365434778072244, "His": 0.5742015169781323, "Ile": 0.4543352344330629, "Leu": 0.3907365825968202, "Lys": 0.5552457445352074, "Met": 1.0, "Phe": 0.530621838312494, "Pro": 0.3214351373711047, "Ser": 0.238122130560465, "Thr": 0.3464214494340704, "Trp": 1.0, "Tyr": 0.5468887374171433, "Val": 0.4580583653673747, "Stop": 0.4924666162761401}